"DESCRIPTION","DURATION IN MS","NAME","PARENT SUITE","START TIME","STATUS","STOP TIME","SUB SUITE","SUITE","TEST CLASS","TEST METHOD"
"","5169","test_create_order[first_step1-second_step1-entry_point_order1]","tests","Thu Oct 08 15:27:27 MSK 2026","passed","Thu Oct 08 15:27:33 MSK 2026","TestOrderFlow","test_order_flow","",""
"","7235","test_question_answer_is_displayed[6-\u0414\u0430, \u043f\u043e\u043a\u0430 \u0441\u0430\u043c\u043e\u043a\u0430\u0442 \u043d\u0435 \u043f\u0440\u0438\u0432\u0435\u0437\u043b\u0438. \u0428\u0442\u0440\u0430\u0444\u0430 \u043d\u0435 \u0431\u0443\u0434\u0435\u0442, \u043e\u0431\u044a\u044f\u0441\u043d\u0438\u0442\u0435\u043b\u044c\u043d\u043e\u0439 \u0437\u0430\u043f\u0438\u0441\u043a\u0438 \u0442\u043e\u0436\u0435 \u043d\u0435 \u043f\u043e\u043f\u0440\u043e\u0441\u0438\u043c. \u0412\u0441\u0435 \u0436\u0435 \u0441\u0432\u043e\u0438.]","tests","Thu Oct 08 15:25:16 MSK 2026","passed","Thu Oct 08 15:25:23 MSK 2026","TestMainPage","test_main_page","",""
"","3196","test_question_answer_is_displayed[3-\u0422\u043e\u043b\u044c\u043a\u043e \u043d\u0430\u0447\u0438\u043d\u0430\u044f \u0441 \u0437\u0430\u0432\u0442\u0440\u0430\u0448\u043d\u0435\u0433\u043e \u0434\u043d\u044f. \u041d\u043e \u0441\u043a\u043e\u0440\u043e \u0441\u0442\u0430\u043d\u0435\u043c \u0440\u0430\u0441\u0442\u043e\u0440\u043e\u043f\u043d\u0435\u0435.]","tests","Thu Oct 08 15:24:27 MSK 2026","passed","Thu Oct 08 15:24:30 MSK 2026","TestMainPage","test_main_page","",""
"","3772","test_question_answer_is_displayed[4-\u041f\u043e\u043a\u0430 \u0447\u0442\u043e \u043d\u0435\u0442! \u041d\u043e \u0435\u0441\u043b\u0438 \u0447\u0442\u043e-\u0442\u043e \u0441\u0440\u043e\u0447\u043d\u043e\u0435 \u2014 \u0432\u0441\u0435\u0433\u0434\u0430 \u043c\u043e\u0436\u043d\u043e \u043f\u043e\u0437\u0432\u043e\u043d\u0438\u0442\u044c \u0432 \u043f\u043e\u0434\u0434\u0435\u0440\u0436\u043a\u0443 \u043f\u043e \u043a\u0440\u0430\u0441\u0438\u0432\u043e\u043c\u0443 \u043d\u043e\u043c\u0435\u0440\u0443 1010.]","tests","Thu Oct 08 15:24:43 MSK 2026","passed","Thu Oct 08 15:24:47 MSK 2026","TestMainPage","test_main_page","",""
"","2962","test_question_answer_is_displayed[7-\u0414\u0430, \u043e\u0431\u044f\u0437\u0430\u0442\u0435\u043b\u044c\u043d\u043e. \u0412\u0441\u0435\u043c \u0441\u0430\u043c\u043e\u043a\u0430\u0442\u043e\u0432! \u0418 \u041c\u043e\u0441\u043a\u0432\u0435, \u0438 \u041c\u043e\u0441\u043a\u043e\u0432\u0441\u043a\u043e\u0439 \u043e\u0431\u043b\u0430\u0441\u0442\u0438.]","tests","Thu Oct 08 15:25:36 MSK 2026","passed","Thu Oct 08 15:25:39 MSK 2026","TestMainPage","test_main_page","",""
"","6783","test_create_order[first_step1-second_step1-entry_point_order0]","tests","Thu Oct 08 15:27:07 MSK 2026","passed","Thu Oct 08 15:27:14 MSK 2026","TestOrderFlow","test_order_flow","",""
"","2695","test_question_answer_is_displayed[5-\u0421\u0430\u043c\u043e\u043a\u0430\u0442 \u043f\u0440\u0438\u0435\u0437\u0436\u0430\u0435\u0442 \u043a \u0432\u0430\u043c \u0441 \u043f\u043e\u043b\u043d\u043e\u0439 \u0437\u0430\u0440\u044f\u0434\u043a\u043e\u0439. \u042d\u0442\u043e\u0433\u043e \u0445\u0432\u0430\u0442\u0430\u0435\u0442 \u043d\u0430 \u0432\u043e\u0441\u0435\u043c\u044c \u0441\u0443\u0442\u043e\u043a \u2014 \u0434\u0430\u0436\u0435 \u0435\u0441\u043b\u0438 \u0431\u0443\u0434\u0435\u0442\u0435 \u043a\u0430\u0442\u0430\u0442\u044c\u0441\u044f \u0431\u0435\u0437 \u043f\u0435\u0440\u0435\u0434\u044b\u0448\u0435\u043a \u0438 \u0432\u043e \u0441\u043d\u0435. \u0417\u0430\u0440\u044f\u0434\u043a\u0430 \u043d\u0435 \u043f\u043e\u043d\u0430\u0434\u043e\u0431\u0438\u0442\u0441\u044f.]","tests","Thu Oct 08 15:25:00 MSK 2026","passed","Thu Oct 08 15:25:03 MSK 2026","TestMainPage","test_main_page","",""
"","6542","test_create_order[first_step0-second_step0-entry_point_order0]","tests","Thu Oct 08 15:26:29 MSK 2026","passed","Thu Oct 08 15:26:36 MSK 2026","TestOrderFlow","test_order_flow","",""
"","5779","test_question_answer_is_displayed[1-\u041f\u043e\u043a\u0430 \u0447\u0442\u043e \u0443 \u043d\u0430\u0441 \u0442\u0430\u043a: \u043e\u0434\u0438\u043d \u0437\u0430\u043a\u0430\u0437 \u2014 \u043e\u0434\u0438\u043d \u0441\u0430\u043c\u043e\u043a\u0430\u0442. \u0415\u0441\u043b\u0438 \u0445\u043e\u0442\u0438\u0442\u0435 \u043f\u043e\u043a\u0430\u0442\u0430\u0442\u044c\u0441\u044f \u0441 \u0434\u0440\u0443\u0437\u044c\u044f\u043c\u0438, \u043c\u043e\u0436\u0435\u0442\u0435 \u043f\u0440\u043e\u0441\u0442\u043e \u0441\u0434\u0435\u043b\u0430\u0442\u044c \u043d\u0435\u0441\u043a\u043e\u043b\u044c\u043a\u043e \u0437\u0430\u043a\u0430\u0437\u043e\u0432 \u2014 \u043e\u0434\u0438\u043d \u0437\u0430 \u0434\u0440\u0443\u0433\u0438\u043c.]","tests","Thu Oct 08 15:23:53 MSK 2026","passed","Thu Oct 08 15:23:58 MSK 2026","TestMainPage","test_main_page","",""
"","2151","test_question_answer_is_displayed[2-\u0414\u043e\u043f\u0443\u0441\u0442\u0438\u043c, \u0432\u044b \u043e\u0444\u043e\u0440\u043c\u043b\u044f\u0435\u0442\u0435 \u0437\u0430\u043a\u0430\u0437 \u043d\u0430 8 \u043c\u0430\u044f. \u041c\u044b \u043f\u0440\u0438\u0432\u043e\u0437\u0438\u043c \u0441\u0430\u043c\u043e\u043a\u0430\u0442 8 \u043c\u0430\u044f \u0432 \u0442\u0435\u0447\u0435\u043d\u0438\u0435 \u0434\u043d\u044f. \u041e\u0442\u0441\u0447\u0451\u0442 \u0432\u0440\u0435\u043c\u0435\u043d\u0438 \u0430\u0440\u0435\u043d\u0434\u044b \u043d\u0430\u0447\u0438\u043d\u0430\u0435\u0442\u0441\u044f \u0441 \u043c\u043e\u043c\u0435\u043d\u0442\u0430, \u043a\u043e\u0433\u0434\u0430 \u0432\u044b \u043e\u043f\u043b\u0430\u0442\u0438\u0442\u0435 \u0437\u0430\u043a\u0430\u0437 \u043a\u0443\u0440\u044c\u0435\u0440\u0443. \u0415\u0441\u043b\u0438 \u043c\u044b \u043f\u0440\u0438\u0432\u0435\u0437\u043b\u0438 \u0441\u0430\u043c\u043e\u043a\u0430\u0442 8 \u043c\u0430\u044f \u0432 20:30, \u0441\u0443\u0442\u043e\u0447\u043d\u0430\u044f \u0430\u0440\u0435\u043d\u0434\u0430 \u0437\u0430\u043a\u043e\u043d\u0447\u0438\u0442\u0441\u044f 9 \u043c\u0430\u044f \u0432 20:30.]","tests","Thu Oct 08 15:24:12 MSK 2026","passed","Thu Oct 08 15:24:14 MSK 2026","TestMainPage","test_main_page","",""
"","2682","test_scooter_logo_leads_to_main_page","tests","Thu Oct 08 15:22:57 MSK 2026","passed","Thu Oct 08 15:23:00 MSK 2026","TestLogos","test_logo","",""
"","10615","test_yandex_logo_opens_dzen_in_new_window","tests","Thu Oct 08 15:23:13 MSK 2026","passed","Thu Oct 08 15:23:24 MSK 2026","TestLogos","test_logo","",""
"","2352","test_question_answer_is_displayed[0-\u0421\u0443\u0442\u043a\u0438 \u2014 400 \u0440\u0443\u0431\u043b\u0435\u0439. \u041e\u043f\u043b\u0430\u0442\u0430 \u043a\u0443\u0440\u044c\u0435\u0440\u0443 \u2014 \u043d\u0430\u043b\u0438\u0447\u043d\u044b\u043c\u0438 \u0438\u043b\u0438 \u043a\u0430\u0440\u0442\u043e\u0439.]","tests","Thu Oct 08 15:23:38 MSK 2026","passed","Thu Oct 08 15:23:40 MSK 2026","TestMainPage","test_main_page","",""
"","5778","test_create_order[first_step0-second_step0-entry_point_order1]","tests","Thu Oct 08 15:26:49 MSK 2026","passed","Thu Oct 08 15:26:54 MSK 2026","TestOrderFlow","test_order_flow","",""
